CloudCover,Events,Max.Dew.PointF,Max.Gust.SpeedMPH,Max.Humidity,Max.Sea.Level.PressureIn,Max.TemperatureF,Max.VisibilityMiles,Max.Wind.SpeedMPH,Mean.Humidity,Mean.Sea.Level.PressureIn,Mean.TemperatureF,Mean.VisibilityMiles,Mean.Wind.SpeedMPH,MeanDew.PointF,Min.DewpointF,Min.Humidity,Min.Sea.Level.PressureIn,Min.TemperatureF,Min.VisibilityMiles,PrecipitationIn,WindDirDegrees,Date
'6','Rain','46','29','74','30.45','64','10','22','63','30.13','52','10','13','40','26','52','30.01','39','10','0.01','268',Year: 2014 Month: 12 Day: 1
'7','Rain-Snow','40','29','92','30.71','42','10','24','72','30.59','38','8','15','27','17','51','30.4','33','2','0.10','62',Year: 2014 Month: 12 Day: 2
'8','Rain','49','38','100','30.4','51','10','29','79','30.07','44','5','12','42','24','57','29.87','37','1','0.44','254',Year: 2014 Month: 12 Day: 3
'3',,'24','33','69','30.56','43','10','25','54','30.33','37','10','12','21','13','39','30.09','30','10','0.00','292',Year: 2014 Month: 12 Day: 4
'5','Rain','37','26','85','30.68','42','10','22','66','30.59','34','10','10','25','12','47','30.45','26','5','0.11','61',Year: 2014 Month: 12 Day: 5
'8','Rain','45','25','100','30.42','45','10','22','93','30.24','42','4','8','40','36','85','30.16','38','0','1.09','313',Year: 2014 Month: 12 Day: 6
'6','Rain','36','32','92','30.69','38','10','25','61','30.46','30','10','15','20','-3','29','30.24','21','5','0.13','350',Year: 2014 Month: 12 Day: 7
'8','Snow','28','28','92','30.77','29','10','21','70','30.67','24','8','13','16','3','47','30.51','18','2','0.03','354',Year: 2014 Month: 12 Day: 8
'8','Rain','49','52','100','30.51','49','10','38','93','30.04','39','2','20','41','28','86','29.49','29','1','2.90','38',Year: 2014 Month: 12 Day: 9
'8','Rain','45','29','100','29.58','48','10','23','95','29.5','43','3','13','39','37','89','29.43','38','1','0.28','357',Year: 2014 Month: 12 Day: 10
'8','Rain-Snow','37','28','92','29.81','39','10','21','87','29.61','36','7','13','31','27','82','29.44','32','1','0.02','230',Year: 2014 Month: 12 Day: 11
'7','Snow','28','21','85','29.88','39','10','16','75','29.85','35','10','11','27','25','64','29.81','31','7','T','286',Year: 2014 Month: 12 Day: 12
'5',,'28','23','75','29.86','42','10','17','65','29.82','37','10','12','26','24','55','29.78','32','10','T','298',Year: 2014 Month: 12 Day: 13
'4',,'29','20','82','29.91','45','10','15','68','29.83','39','10','10','27','25','53','29.78','33','10','0.00','306',Year: 2014 Month: 12 Day: 14
'2',,'33','21','89','30.15','42','10','15','75','30.05','37','10','6','29','27','60','29.91','32','10','0.00','324',Year: 2014 Month: 12 Day: 15
'8','Rain','42','10','96','30.17','44','10','8','85','30.09','40','9','4','36','30','73','29.92','35','5','T','79',Year: 2014 Month: 12 Day: 16
'8','Rain','46','26','100','29.91','49','10','20','85','29.75','45','6','11','41','32','70','29.69','41','1','0.43','311',Year: 2014 Month: 12 Day: 17
'7','Rain','34','30','89','29.87','44','10','23','73','29.78','40','10','14','30','26','57','29.71','36','10','0.01','281',Year: 2014 Month: 12 Day: 18
'4',,'25','23','69','30.15','37','10','17','63','29.98','33','10','11','22','20','56','29.86','29','10','0.00','305',Year: 2014 Month: 12 Day: 19
'6','Snow','30','26','89','30.31','36','10','21','79','30.26','32','10','10','24','20','69','30.17','27','7','T','350',Year: 2014 Month: 12 Day: 20
'8','Snow','30','20','85','30.37','36','10','16','77','30.32','33','9','9','27','25','69','30.28','30','6','T','2',Year: 2014 Month: 12 Day: 21
'7','Rain','39','22','89','30.4','44','10','18','79','30.35','39','10','8','34','25','69','30.3','33','4','0.05','24',Year: 2014 Month: 12 Day: 22
'8','Rain','45','25','100','30.31','47','10','20','91','30.23','45','5','13','42','37','82','30.16','42','1','0.25','63',Year: 2014 Month: 12 Day: 23
'8','Fog-Rain','46','15','100','30.13','46','2','13','98','29.9','44','1','6','44','41','96','29.55','41','0','0.56','12',Year: 2014 Month: 12 Day: 24
'6','Rain','58','40','100','29.96','59','10','28','75','29.63','52','8','14','43','29','49','29.47','44','1','0.14','250',Year: 2014 Month: 12 Day: 25
'1',,'31','25','70','30.16','50','10','18','60','30.11','44','10','11','29','28','49','29.99','37','10','0.00','255',Year: 2014 Month: 12 Day: 26
'3',,'34','21','70','30.22','52','10','17','60','30.14','45','10','9','31','29','50','30.03','38','10','0.00','251',Year: 2014 Month: 12 Day: 27
'8','Rain','42','31','76','29.99','52','10','22','65','29.87','46','10','14','35','27','53','29.77','40','10','0.01','252',Year: 2014 Month: 12 Day: 28
'4',,'26','22','64','30.22','41','10','15','51','30.12','36','10','9','20','10','37','30','30','10','0.00','288',Year: 2014 Month: 12 Day: 29
'2',,'10','21','50','30.36','30','10','16','38','30.32','26','10','10','4','-6','26','30.23','22','10','0.00','313',Year: 2014 Month: 12 Day: 30
'1',,'8','22','57','30.32','30','10','17','44','30.25','25','10','9','5','1','31','30.13','20','10','0.00','269',Year: 2014 Month: 12 Day: 31
'3',,'16','29','53','30.1','33','10','23','43','30','28','10','14','8','5','32','29.92','22','10','0.00','230',Year: 2015 Month: 1 Day: 1
'3',,'17','32','53','30.45','41','10','26','45','30.13','36','10','13','15','11','37','29.95','31','10','0.00','260',Year: 2015 Month: 1 Day: 2
'7','Rain-Snow','36','25','100','30.68','37','10','22','72','30.54','30','6','10','20','8','43','30.24','22','1','0.62','81',Year: 2015 Month: 1 Day: 3
'8','Fog-Rain','50','26','100','30.16','52','10','17','95','29.81','44','4','8','41','34','89','29.57','35','0','0.57','260',Year: 2015 Month: 1 Day: 4
'2',,'39','49','65','30.3','50','10','37','47','29.93','34','10','22','13','-6','29','29.61','17','10','0.00','280',Year: 2015 Month: 1 Day: 5
'6','Snow','11','28','80','30.37','18','10','22','59','30.22','17','7','9','5','-5','37','30','15','1','0.02','262',Year: 2015 Month: 1 Day: 6
'3','Snow','12','40','88','30.11','26','10','31','58','29.9','15','9','16','3','-13','28','29.76','4','2','T','272',Year: 2015 Month: 1 Day: 7
'1',,'7','32','56','30.34','19','10','25','49','30.25','9','10','14','-8','-18','41','30.13','-1','10','0.00','259',Year: 2015 Month: 1 Day: 8
'4','Snow','22','35','88','30.15','30','10','25','65','30','25','8','14','14','8','42','29.89','19','1','0.01','240',Year: 2015 Month: 1 Day: 9
'1',,'8','23','62','30.5','24','10','20','49','30.34','21','10','12','3','-2','35','30.15','17','10','0.00','263',Year: 2015 Month: 1 Day: 10
'6',,'22','24','63','30.66','33','10','17','49','30.58','24','10','10','6','-1','34','30.48','15','10','0.00','226',Year: 2015 Month: 1 Day: 11
'8','Rain','36','23','100','30.45','38','10','17','72','30.23','36','7','9','28','17','44','30.11','33','1','0.20','242',Year: 2015 Month: 1 Day: 12
'3',,'25','26','75','30.67','35','10','21','56','30.52','25','10','11','5','-4','36','30.19','15','10','0.00','347',Year: 2015 Month: 1 Day: 13
'8','Snow','21','16','88','30.61','25','10','13','67','30.4','20','10','9','10','-4','46','30.18','14','6','T','323',Year: 2015 Month: 1 Day: 14
'8','Fog-Snow','27','21','92','30.18','31','10','15','78','30','28','5','10','24','13','63','29.81','25','0','0.12','302',Year: 2015 Month: 1 Day: 15
'2',,'21','39','71','30.11','38','10','29','52','29.82','27','10','16','10','-4','33','29.68','15','9','0.00','263',Year: 2015 Month: 1 Day: 16
'1',,'11','31','67','30.38','22','10','22','46','30.31','16','10','11','-3','-9','25','30.14','9','10','0.00','253',Year: 2015 Month: 1 Day: 17
'8','Rain','45','33','93','30.26','51','10','26','80','29.93','36','10','10','35','13','67','29.55','20','5','0.15','164',Year: 2015 Month: 1 Day: 18
'3',,'43','31','86','29.73','46','10','23','70','29.65','39','10','15','30','20','53','29.55','32','10','0.00','262',Year: 2015 Month: 1 Day: 19
'3',,'20','30','59','29.98','39','10','23','44','29.83','33','10','14','13','5','29','29.75','27','10','0.00','270',Year: 2015 Month: 1 Day: 20
'5',,'25','20','75','30.21','34','10','14','57','30.15','28','10','7','14','5','38','30','22','10','0.00','357',Year: 2015 Month: 1 Day: 21
'6','Snow','26','17','78','30.22','37','10','14','67','30.19','33','10','7','22','19','56','30.16','29','8','T','335',Year: 2015 Month: 1 Day: 22
'2',,'20','22','68','30.28','37','10','16','54','30.15','31','10','10','15','9','39','29.93','24','10','0.00','259',Year: 2015 Month: 1 Day: 23
'8','Fog-Rain-Snow','32','24','100','29.92','34','10','18','82','29.52','33','3','10','29','21','63','29.16','31','0','0.71','290',Year: 2015 Month: 1 Day: 24
'4',,'28','33','78','30.04','38','10','25','55','29.66','29','10','14','17','4','32','29.31','19','10','0.00','284',Year: 2015 Month: 1 Day: 25
'8','Fog-Snow','25','43','92','30.15','29','10','33','71','30.05','20','5','16','15','-2','49','29.81','11','0','0.10','23',Year: 2015 Month: 1 Day: 26
'8','Fog-Snow','14','45','92','29.76','19','4','32','85','29.59','17','1','22','11','7','77','29.49','14','0','0.95','335',Year: 2015 Month: 1 Day: 27
'6','Snow','9','26','80','30.24','24','10','20','63','29.89','19','7','13','6','0','45','29.67','13','1','0.01','305',Year: 2015 Month: 1 Day: 28
'3',,'22','17','75','30.32','32','10','13','57','30.23','21','10','4','10','-2','39','30.06','10','7','T','245',Year: 2015 Month: 1 Day: 29
'8','Snow','31','44','92','30.06','34','10','32','78','29.82','27','6','12','26','7','63','29.71','19','1','0.06','223',Year: 2015 Month: 1 Day: 30
'5','Snow','7','48','83','30.04','21','10','36','56','29.84','16','6','22','0','-8','28','29.72','11','0','0.05','302',Year: 2015 Month: 1 Day: 31
'4',,'11','29','67','30.16','30','10','22','48','30.12','21','10','12','2','-6','29','30.04','12','10','0.00','289',Year: 2015 Month: 2 Day: 1
'7','Fog-Snow','29','45','100','30.12','31','10','36','67','29.69','21','2','18','13','-5','34','29.48','10','0','0.78','360',Year: 2015 Month: 2 Day: 2
'1','Snow','7','33','73','30.31','22','10','24','56','30.12','14','9','13','1','-3','39','29.72','6','4','0.00','265',Year: 2015 Month: 2 Day: 3
'7',,'30','26','75','30.32','38','10','20','64','30.16','26','10','9','17','3','53','29.94','14','10','0.00','209',Year: 2015 Month: 2 Day: 4
'7','Fog-Rain-Snow','32','40','89','30.12','36','10','30','66','29.93','22','6','15','18','-7','42','29.82','7','0','0.09','303',Year: 2015 Month: 2 Day: 5
'3',,'6','29','60','30.17','21','10','21','53','30.1','13','10','12','-1','-8','46','30.04','5','10','T','263',Year: 2015 Month: 2 Day: 6
'7','Snow','27','26','92','30.1','29','10','20','74','30.05','23','7','11','17','5','55','30.01','16','1','0.07','226',Year: 2015 Month: 2 Day: 7
'8','Snow','27','28','100','30.08','29','7','22','90','30.05','21','2','14','20','10','80','30.01','13','1','0.37','8',Year: 2015 Month: 2 Day: 8
'8','Fog-Snow','21','32','92','30.16','25','4','26','86','30.12','20','1','15','14','10','80','30.08','14','0','0.88','351',Year: 2015 Month: 2 Day: 9
'7','Snow','21','24','88','30.13','30','10','21','76','30.1','22','8','11','15','10','63','30.06','14','1','0.05','359',Year: 2015 Month: 2 Day: 10
'7','Snow','17','31','77','30.14','25','10','23','69','30.07','20','7','12','12','6','61','29.94','14','1','0.01','354',Year: 2015 Month: 2 Day: 11
'8','Fog-Snow','25','21','92','29.92','30','10','16','77','29.76','23','6','5','17','7','61','29.69','16','0','0.03','321',Year: 2015 Month: 2 Day: 12
'2',,'11','37','77','30.11','22','10','28','55','29.95','15','10','17','-5','-10','33','29.74','7','8','0.00','296',Year: 2015 Month: 2 Day: 13
'6','Snow','29','24','100','30.1','30','10','22','73','29.77','17','6','10','11','-9','45','29.46','3','1','0.23','181',Year: 2015 Month: 2 Day: 14
'6','Fog-Snow','18','51','92','29.82','20','10','33','71','29.49','9','3','21','9','-13','50','29.3','-2','0','0.39','320',Year: 2015 Month: 2 Day: 15
'3','Snow','-6','41','56','30.04','19','10','31','44','29.91','8','9','20','-11','-16','31','29.81','-3','2','0.00','290',Year: 2015 Month: 2 Day: 16
'7','Snow','18','18','84','30.03','23','10','14','63','29.93','17','7','8','6','-7','42','29.85','10','1','0.02','338',Year: 2015 Month: 2 Day: 17
'8','Snow','23','17','81','29.95','29','10','14','66','29.83','23','8','5','16','8','50','29.7','17','1','0.01','337',Year: 2015 Month: 2 Day: 18
'6','Snow','24','40','92','29.73','30','10','30','71','29.61','20','6','14','14','-5','50','29.53','10','1','0.06','263',Year: 2015 Month: 2 Day: 19
'2',,'-4','35','55','30.43','20','10','28','45','30.04','13','10','19','-6','-10','34','29.74','5','10','0.00','273',Year: 2015 Month: 2 Day: 20
'6','Rain-Snow','32','35','92','30.53','34','10','26','70','30.36','19','5','11','16','-5','48','30.16','4','1','0.17','201',Year: 2015 Month: 2 Day: 21
'8','Rain-Snow','33','16','100','30.17','39','10','13','85','30.14','34','8','5','29','24','70','30.1','28','1','0.11','245',Year: 2015 Month: 2 Day: 22
'5',,'23','35','72','30.32','33','10','25','51','30.18','19','10','15','2','-14','30','30.1','4','10','0.00','298',Year: 2015 Month: 2 Day: 23
'6','Snow','15','24','80','30.33','19','10','20','60','30.18','11','10','9','-4','-15','39','29.88','2','5','T','221',Year: 2015 Month: 2 Day: 24
'4','Snow','19','29','92','30.01','35','10','22','63','29.8','25','8','11','11','2','33','29.7','14','2','0.07','287',Year: 2015 Month: 2 Day: 25
'8','Snow','16','21','84','30.12','22','10','18','65','30.05','20','8','9','8','2','45','29.97','17','1','0.02','351',Year: 2015 Month: 2 Day: 26
'2',,'1','18','52','30.55','27','10','14','41','30.34','21','10','8','-2','-5','29','30.14','15','10','0.00','305',Year: 2015 Month: 2 Day: 27
'0',,'4','20','58','30.75','31','10','15','43','30.69','22','10','9','1','-1','27','30.56','12','10','0.00','273',Year: 2015 Month: 2 Day: 28
'7','Snow','27','23','92','30.71','30','10','20','66','30.46','21','6','6','16','2','40','30.12','12','1','0.17','206',Year: 2015 Month: 3 Day: 1
'6','Rain-Snow','27','41','92','30.25','37','10','30','67','30.03','32','9','14','19','7','41','29.93','26','1','0.01','280',Year: 2015 Month: 3 Day: 2
'6','Rain-Snow','31','32','92','30.41','33','10','24','60','30.17','27','6','10','14','1','28','29.8','20','1','0.26','213',Year: 2015 Month: 3 Day: 3
'8','Rain','36','30','92','29.87','43','10','21','75','29.75','38','10','11','32','29','57','29.64','33','2','0.02','236',Year: 2015 Month: 3 Day: 4
'8','Snow','28','28','76','30.32','39','10','20','56','30.07','29','9','12','11','-4','35','29.85','18','2','T','316',Year: 2015 Month: 3 Day: 5
'2',,'11','29','62','30.51','24','10','23','48','30.42','17','10','10','-1','-8','34','30.29','9','10','0.00','277',Year: 2015 Month: 3 Day: 6
'3',,'21','25','67','30.29','38','10','21','48','30.11','28','10','11','12','6','29','29.95','17','10','0.00','226',Year: 2015 Month: 3 Day: 7
'4','Snow','27','32','78','30.12','42','10','25','58','30.03','33','10','9','20','13','38','29.94','24','7','T','247',Year: 2015 Month: 3 Day: 8
'3',,'22','37','81','30.24','48','10','25','56','30.11','37','10','10','19','16','31','30.05','26','10','0.00','242',Year: 2015 Month: 3 Day: 9
'7','Rain','39','21','100','30.34','48','10','17','69','30.19','40','8','7','28','19','37','30','31','1','0.06','193',Year: 2015 Month: 3 Day: 10
'5','Fog-Rain','40','33','100','29.99','57','10','25','65','29.86','47','7','12','34','25','30','29.79','37','0','0.01','245',Year: 2015 Month: 3 Day: 11
'2',,'27','41','59','30.56','43','10','32','42','30.28','34','10','17','12','1','25','29.94','25','10','0.00','315',Year: 2015 Month: 3 Day: 12
'4',,'24','23','69','30.64','40','10','18','45','30.53','32','10','11','7','1','21','30.37','24','10','0.00','269',Year: 2015 Month: 3 Day: 13
'7','Fog-Rain','39','20','100','30.36','39','10','15','80','30.03','35','4','8','32','19','59','29.63','31','0','0.80','56',Year: 2015 Month: 3 Day: 14
'8','Fog-Rain-Snow','34','40','100','29.88','41','10','33','85','29.65','34','5','14','30','19','69','29.58','27','0','0.27','329',Year: 2015 Month: 3 Day: 15
'2',,'23','25','63','29.95','45','10','18','41','29.86','36','10','9','14','5','19','29.77','26','10','0.00','275',Year: 2015 Month: 3 Day: 16
'5','Rain-Snow','41','51','100','29.74','51','10','38','66','29.58','40','8','14','27','4','31','29.38','28','2','0.14','250',Year: 2015 Month: 3 Day: 17
'1',,'7','52','46','30.08','30','10','36','35','29.88','26','10','22','0','-6','23','29.74','22','10','0.00','302',Year: 2015 Month: 3 Day: 18
'1',,'0','41','39','30.34','34','10','30','30','30.19','27','10','16','-2','-4','21','30.09','19','10','0.00','306',Year: 2015 Month: 3 Day: 19
'7','Snow','26','26','100','30.4','32','10','12','67','30.32','28','7','4','13','0','33','30.19','23','1','0.05','150',Year: 2015 Month: 3 Day: 20
'7','Snow','33','31','96','30.17','41','10','22','78','29.99','35','5','7','29','25','59','29.76','28','1','0.09','57',Year: 2015 Month: 3 Day: 21
'1',,'23','48','54','30.11','39','10','33','38','29.93','30','10','18','5','-5','22','29.76','21','10','0.00','296',Year: 2015 Month: 3 Day: 22
'0',,'6','31','49','30.23','33','10','24','38','30.13','26','10','15','0','-6','26','30.08','18','10','0.00','290',Year: 2015 Month: 3 Day: 23
'4',,'24','16','72','30.35','35','10','13','59','30.31','28','10','8','15','6','46','30.24','20','10','0.00','214',Year: 2015 Month: 3 Day: 24
'4','Rain','34','28','85','30.42','49','10','22','60','30.33','39','10','9','22','16','34','30.17','28','10','0.04','181',Year: 2015 Month: 3 Day: 25
'8','Fog-Rain','52','23','100','30.16','56','10','16','86','29.82','47','5','9','45','35','71','29.64','38','0','0.80','223',Year: 2015 Month: 3 Day: 26
'8','Rain','43','15','96','29.76','44','10','13','88','29.71','41','9','5','38','35','79','29.65','37','3','0.21','9',Year: 2015 Month: 3 Day: 27
'8','Fog-Rain-Snow','36','30','96','30.02','40','10','24','78','29.81','35','4','13','30','19','59','29.71','30','0','0.12','355',Year: 2015 Month: 3 Day: 28
'3',,'19','22','59','30.22','42','10','17','40','30.13','34','10','9','11','3','20','30.04','26','10','0.00','272',Year: 2015 Month: 3 Day: 29
'6','Rain-Snow','33','35','69','30.08','45','10','29','59','29.84','38','9','13','27','17','48','29.72','30','2','T','214',Year: 2015 Month: 3 Day: 30
'3',,'28','29','70','29.79','50','10','20','51','29.73','44','10','12','24','18','31','29.69','37','10','0.00','279',Year: 2015 Month: 3 Day: 31
'1',,'16','28','40','30.17','47','10','21','29','29.99','39','10','10','7','1','17','29.79','30','10','0.00','332',Year: 2015 Month: 4 Day: 1
'5',,'37','37','61','30.25','61','10','29','44','30.1','46','10','13','20','8','27','29.88','30','10','0.00','223',Year: 2015 Month: 4 Day: 2
'8','Rain','50','31','100','29.86','59','10','24','80','29.76','52','9','12','45','39','59','29.65','45','3','0.03','221',Year: 2015 Month: 4 Day: 3
'6','Fog-Rain-Thunderstorm','48','49','100','30.08','52','10','37','66','29.63','44','6','16','36','13','31','29.4','36','0','0.39','269',Year: 2015 Month: 4 Day: 4
'4',,'30','36','76','30.26','49','10','28','49','30.13','41','10','15','21','10','21','30.09','32','10','0.00','243',Year: 2015 Month: 4 Day: 5
'7',,'37','21','92','30.4','42','10','17','74','30.3','39','10','9','31','26','55','30.22','36','10','0.00','70',Year: 2015 Month: 4 Day: 6
'8','Rain','37','18','92','30.4','42','10','15','84','30.3','39','9','8','36','34','76','30.21','36','7','0.03','29',Year: 2015 Month: 4 Day: 7
'6','Rain-Snow','34','30','92','30.51','42','10','24','73','30.43','38','8','17','31','25','54','30.37','34','4','0.26','52',Year: 2015 Month: 4 Day: 8
'8','Rain','36','30','100','30.42','37','6','25','95','30.37','35','2','17','34','32','89','30.3','33','1','0.09','58',Year: 2015 Month: 4 Day: 9
'8','Rain','52','25','100','30.3','55','10','20','95','29.94','46','4','8','42','36','89','29.65','36','0','0.09','114',Year: 2015 Month: 4 Day: 10
'1',,'50','39','89','30.1','57','10','30','61','29.86','50','10','17','32','26','32','29.72','42','10','0.00','274',Year: 2015 Month: 4 Day: 11
'1',,'35','22','59','30.29','68','10','16','39','30.21','54','10','9','28','25','19','30.12','39','10','0.00','258',Year: 2015 Month: 4 Day: 12
'3',,'42','29','66','30.36','69','10','24','43','30.26','55','10','12','34','27','20','30.14','41','10','0.00','194',Year: 2015 Month: 4 Day: 13
'6','Rain','52','35','80','30.13','65','10','25','54','30.08','59','10','11','39','30','28','30.03','52','10','0.01','245',Year: 2015 Month: 4 Day: 14
'1',,'31','35','39','30.38','67','10','25','28','30.15','59','10','12','23','16','16','30.06','50','10','0.00','325',Year: 2015 Month: 4 Day: 15
'3',,'32','26','67','30.51','60','10','23','46','30.39','51','10','10','23','16','24','30.26','41','10','0.00','130',Year: 2015 Month: 4 Day: 16
'6','Rain','54','28','89','30.24','65','10','22','70','29.99','56','10','13','47','30','50','29.86','47','7','0.06','237',Year: 2015 Month: 4 Day: 17
'1',,'47','35','89','30.09','60','10','28','68','29.94','52','10','9','42','38','47','29.83','43','10','0.00','14',Year: 2015 Month: 4 Day: 18
'3',,'38','24','76','30.29','50','10','18','66','30.23','46','10','11','34','32','56','30.09','41','10','0.00','75',Year: 2015 Month: 4 Day: 19
'8','Rain','51','32','100','30.25','51','10','25','90','30.02','46','6','14','42','35','79','29.73','41','1','0.61','107',Year: 2015 Month: 4 Day: 20
'6','Fog-Rain-Thunderstorm','57','94','1000','29.75','65','10','20','71','29.6','56','5','10','49','36','42','29.53','46','0','0.54','184',Year: 2015 Month: 4 Day: 21
'3','Rain','46','41','89','29.8','67','10','35','59','29.69','55','10','15','39','32','28','29.53','43','10','T','186',Year: 2015 Month: 4 Day: 22
'5',,'40','33','71','29.7','51','10','25','49','29.62','45','10','16','27','18','27','29.54','38','10','0.00','272',Year: 2015 Month: 4 Day: 23
'5','Snow','28','36','64','29.79','50','10','23','49','29.73','44','10','16','24','20','34','29.7','37','3','T','292',Year: 2015 Month: 4 Day: 24
'3',,'33','29','60','29.79','56','10','18','46','29.74','46','10','11','26','21','32','29.68','36','10','0.00','315',Year: 2015 Month: 4 Day: 25
'7',,'39','20','71','29.72','56','10','14','53','29.66','50','10','6','33','28','35','29.62','43','10','0.00','344',Year: 2015 Month: 4 Day: 26
'7','Rain','44','29','63','29.63','57','10','22','52','29.59','51','10','12','37','32','40','29.53','45','6','0.10','324',Year: 2015 Month: 4 Day: 27
'5','Rain','42','35','76','29.78','64','10','26','51','29.68','53','10','14','35','29','26','29.62','42','4','0.07','8',Year: 2015 Month: 4 Day: 28
'5',,'41','18','77','29.8','54','10','16','64','29.7','51','10','9','38','36','50','29.59','48','10','0.00','91',Year: 2015 Month: 4 Day: 29
'6',,'42','18','89','29.98','55','10','15','72','29.88','50','10','9','40','37','55','29.79','44','10','0.00','89',Year: 2015 Month: 4 Day: 30
'6',,'41','22','92','30.02','49','10','17','82','30','44','10','8','39','37','71','29.97','39','10','0.00','85',Year: 2015 Month: 5 Day: 1
'4',,'43','16','92','30.04','50','10','13','82','30','45','10','7','40','37','71','29.96','39','10','0.00','103',Year: 2015 Month: 5 Day: 2
'4',,'48','21','76','30.15','67','10','17','61','30.06','56','10','9','42','39','45','30.01','45','10','0.00','176',Year: 2015 Month: 5 Day: 3
'2',,'48','37','80','30.19','84','10','30','52','30.13','67','10','13','43','37','23','30.06','49','10','0.00','206',Year: 2015 Month: 5 Day: 4
'5','Rain','59','25','93','30.22','70','10','21','66','30.16','62','10','10','50','41','39','30.07','54','7','0.02','183',Year: 2015 Month: 5 Day: 5
'3',,'52','25','89','30.31','73','10','20','59','30.24','63','10','9','40','31','29','30.16','52','10','0.00','122',Year: 2015 Month: 5 Day: 6
'1',,'45','28','47','30.21','79','10','22','34','30.14','66','10','11','38','30','21','30.05','53','10','0.00','205',Year: 2015 Month: 5 Day: 7
'4',,'46','25','86','30.32','71','10','22','61','30.2','59','10','12','43','40','35','30.09','46','9','0.00','35',Year: 2015 Month: 5 Day: 8
'7',,'60','23','97','30.37','71','10','18','82','30.3','59','9','8','50','43','66','30.21','46','3','0.00','117',Year: 2015 Month: 5 Day: 9
'6',,'64','29','100','30.22','89','10','22','67','30.12','74','10','14','61','55','34','30.02','59','7','0.00','221',Year: 2015 Month: 5 Day: 10
'6',,'65','24','93','30.14','80','10','21','78','30.1','65','9','10','55','48','62','30.06','50','5','0.00','68',Year: 2015 Month: 5 Day: 11
'7','Rain','61','33','100','30.04','87','10','25','66','29.82','68','6','9','52','48','31','29.62','48','0','0.02','75',Year: 2015 Month: 5 Day: 12
'1',,'43','35','59','30.22','69','10','28','44','29.97','61','10','14','37','31','29','29.77','53','10','0.00','305',Year: 2015 Month: 5 Day: 13
'1',,'43','24','54','30.34','69','10','22','36','30.28','59','10','9','34','23','17','30.24','49','10','0.00','281',Year: 2015 Month: 5 Day: 14
'5',,'49','18','64','30.31','67','10','15','47','30.25','58','10','6','39','32','29','30.2','48','10','0.00','134',Year: 2015 Month: 5 Day: 15
'8',,'57','21','90','30.21','71','10','17','67','30.17','63','10','8','50','37','44','30.12','55','10','T','194',Year: 2015 Month: 5 Day: 16
'3',,'59','18','100','30.22','67','10','15','89','30.13','60','8','8','56','52','78','30.09','52','0','0.00','97',Year: 2015 Month: 5 Day: 17
'6','Fog','52',,'100','30.3','58','10','16','79','30.23','54','8','10','48','43','57','30.12','49','0','0.00','72',Year: 2015 Month: 5 Day: 18
'8','Rain','63','23','100','30.09','65','10','16','92','29.9','59','8','10','56','48','83','29.72','52','2','0.27','203',Year: 2015 Month: 5 Day: 19
'4',,'63','35','93','29.92','66','10','26','65','29.78','59','10','14','41','30','36','29.7','51','7','0.00','288',Year: 2015 Month: 5 Day: 20
'4',,'41','23','61','29.98','67','10','17','44','29.91','56','10','10','36','30','26','29.85','45','10','0.00','211',Year: 2015 Month: 5 Day: 21
'4','Rain','44','37','64','30.06','76','10','26','40','29.86','64','10','13','34','24','16','29.78','52','10','T','264',Year: 2015 Month: 5 Day: 22
'0',,'32','32','50','30.33','65','10','22','34','30.26','55','10','13','23','18','18','30.07','44','10','0.00','285',Year: 2015 Month: 5 Day: 23
'3',,'48','30','59','30.29','83','10','23','40','30.22','67','10','16','39','33','20','30.14','51','10','0.00','237',Year: 2015 Month: 5 Day: 24
'6','Rain','57','26','73','30.24','81','10','20','54','30.2','70','10','11','52','49','35','30.15','58','10','T','209',Year: 2015 Month: 5 Day: 25
'6',,'62','28','73','30.16','87','10','23','59','30.12','76','10','16','58','53','44','30.09','64','10','0.00','217',Year: 2015 Month: 5 Day: 26
'4',,'66','32','87','30.16','85','10','26','71','30.12','75','10','16','63','59','55','30.06','65','10','0.00','207',Year: 2015 Month: 5 Day: 27
'6','Rain','67','29','87','30.21','86','10','23','69','30.12','75','10','13','62','55','51','30.04','64','10','T','216',Year: 2015 Month: 5 Day: 28
'4','Fog','61','20','100','30.31','72','10','17','80','30.27','64','8','8','57','54','59','30.22','55','0','0.00','48',Year: 2015 Month: 5 Day: 29
'2',,'63','33','93','30.22','88','10','26','66','30.12','73','10','15','60','56','39','30.03','58','10','0.00','205',Year: 2015 Month: 5 Day: 30
'7','Rain','69','36','100','30.28','77','10','31','85','30.14','63','8','14','55','46','69','30.02','48','1','0.91','28',Year: 2015 Month: 5 Day: 31
'8','Rain','48','26','100','30.27','49','6','21','97','30.25','48','3','14','47','46','93','30.23','47','2','0.38','43',Year: 2015 Month: 6 Day: 1
'8','Rain','46','26','100','30.22','49','10','20','93','30.19','48','7','11','45','44','86','30.17','46','2','0.74','33',Year: 2015 Month: 6 Day: 2
'7',,'48',,'93','30.31','56','10','14','82','30.24','52','10','7','45','43','71','30.19','47','10','0.00','90',Year: 2015 Month: 6 Day: 3
'5',,'46','21','86','30.35','58','10','16','74','30.3','54','10','6','45','42','61','30.24','49','10','0.00','113',Year: 2015 Month: 6 Day: 4
'5',,'51','22','93','30.24','59','10','20','83','30.09','55','10','8','48','45','72','29.93','50','10','T','106',Year: 2015 Month: 6 Day: 5
'5','Rain','55','28','100','30.08','67','10','20','73','29.94','60','10','7','51','39','46','29.85','52','2','0.09','54',Year: 2015 Month: 6 Day: 6
'3',,'47','23','60','30.23','67','10','21','47','30.16','60','10','11','40','35','34','30.09','53','10','0.00','76',Year: 2015 Month: 6 Day: 7
'6','Rain','58','40','89','30.13','76','10','29','71','29.95','65','10','17','53','42','52','29.82','53','10','T','200',Year: 2015 Month: 6 Day: 8
'6','Rain','65','26','93','29.79','78','10','23','81','29.7','71','10','13','63','59','69','29.63','64','9','T','199',Year: 2015 Month: 6 Day: 9
'3',,'59','26','78','29.85','82','10','20','54','29.8','72','10','11','54','47','30','29.71','62','10','0.00','245',Year: 2015 Month: 6 Day: 10
'7',,'66','29','78','29.91','88','10','22','56','29.82','76','9','14','58','48','33','29.78','64','7','0.00','248',Year: 2015 Month: 6 Day: 11
'6',,'67','24','79','30.01','79','10','18','60','29.92','72','10','9','55','49','41','29.77','65','10','0.00','202',Year: 2015 Month: 6 Day: 12
'6',,'68','26','84','29.99','85','10','21','56','29.87','75','10','9','59','47','27','29.72','64','10','T','2',Year: 2015 Month: 6 Day: 13
'5',,'56','21','73','30.12','74','10','17','56','30.06','68','10','10','51','45','38','29.99','62','10','0.00','67',Year: 2015 Month: 6 Day: 14
'8','Rain','56','23','100','30.14','63','10','21','84','30.09','59','5','9','53','51','67','30.04','54','1','0.40','113',Year: 2015 Month: 6 Day: 15
'7','Rain','66','18','100','30.01','71','10','13','91','29.88','64','6','5','59','56','81','29.78','56','0','T','87',Year: 2015 Month: 6 Day: 16
'5',,'56','28','73','30.18','69','10','23','55','30.14','64','10','10','46','38','37','30.08','59','10','0.00','111',Year: 2015 Month: 6 Day: 17
'5',,'54','23','72','30.14','76','10','17','59','30.04','67','-1','10','49','45','46','29.93','57','10','0.00','189',Year: 2015 Month: 6 Day: 18
'6',,'63','26','84','30.05','86','10','20','64','29.9','75','10','10','57','47','43','29.85','63','10','0.00','272',Year: 2015 Month: 6 Day: 19
'5',,'58','23','78','30.15','75','10','18','64','30.1','67','10','9','51','46','49','30.03','58','10','0.04','76',Year: 2015 Month: 6 Day: 20
'8','Rain','72','22','100','29.96','76','10','17','91','29.74','68','5','6','65','59','82','29.63','60','0','1.72','92',Year: 2015 Month: 6 Day: 21
'6','Fog','65','15','100','29.99','77','10','13','84','29.85','69','5','6','62','60','68','29.76','61','0','0.00','89',Year: 2015 Month: 6 Day: 22
'6','Rain','72','33','100','29.96','88','10','28','80','29.81','74','10','12','66','59','60','29.68','60','9','0.01','201',Year: 2015 Month: 6 Day: 23
'2',,'60','28','73','29.97','84','10','20','52','29.9','76','10','11','54','46','30','29.78','67','10','0.00','298',Year: 2015 Month: 6 Day: 24
'4',,'61','21','76','30.03','81','10','15','56','29.98','73','10','7','55','52','36','29.93','64','10','0.00','292',Year: 2015 Month: 6 Day: 25
'5','Rain','58','20','84','30.09','72','10','16','68','30.01','66','10','8','53','46','52','29.94','59','10','T','41',Year: 2015 Month: 6 Day: 26
'6','Rain','58','0','93','30.19','68','10','38','76','30.14','63','10','8','55','48','58','30.09','57','7','0.20','108',Year: 2015 Month: 6 Day: 27
'8','Rain','59','36','100','30.07','59','7','29','94','29.8','56','3','18','56','51','87','29.69','52','1','1.43','39',Year: 2015 Month: 6 Day: 28
'7',,'61','21','93','29.94','75','10','15','80','29.84','64','9','7','56','50','66','29.78','53','2','T','216',Year: 2015 Month: 6 Day: 29
'4',,'62','17','97','30.01','75','10','14','81','29.97','68','10','7','60','57','64','29.94','60','10','0.00','155',Year: 2015 Month: 6 Day: 30
'6','Rain-Thunderstorm','68','28','100','29.93','82','10','22','78','29.78','72','8','10','64','60','55','29.68','62','0','0.50','164',Year: 2015 Month: 7 Day: 1
'4',,'60','23','78','29.89','80','10','16','60','29.86','72','10','9','56','54','42','29.81','64','10','0.00','265',Year: 2015 Month: 7 Day: 2
'2',,'56','17','73','30','76','10','15','56','29.94','70','10','9','53','49','38','29.87','63','10','0.00','63',Year: 2015 Month: 7 Day: 3
'6',,'62','12','87','30.01','72','10','10','75','29.99','67','10','4','58','55','63','29.95','62','10','T','126',Year: 2015 Month: 7 Day: 4
'1',,'61','22','90','30.13','83','10','13','67','30.05','72','9','8','59','57','43','29.99','61','7','0.00','252',Year: 2015 Month: 7 Day: 5
'3',,'66','18','84','30.17','80','10','15','69','30.13','74','10','7','63','59','54','30.09','68','8','0.00','165',Year: 2015 Month: 7 Day: 6
'5','Rain','72','29','93','30.12','84','10','23','77','30.05','75','10','10','68','63','61','29.92','65','10','0.02','160',Year: 2015 Month: 7 Day: 7
'5','Rain','71','25','93','30','88','10','20','68','29.9','79','9','11','67','55','42','29.87','69','6','T','272',Year: 2015 Month: 7 Day: 8
'6','Rain','60','18','93','30.03','69','10','15','77','29.98','66','10','8','57','55','61','29.87','63','5','0.15','67',Year: 2015 Month: 7 Day: 9
'6','Rain','66','17','100','29.96','77','10','15','74','29.9','69','7','8','61','55','47','29.83','60','2','1.12','85',Year: 2015 Month: 7 Day: 10
'1',,'61','17','61','30.04','83','10','13','49','30.01','76','10','8','57','54','37','29.96','68','10','0.00','282',Year: 2015 Month: 7 Day: 11
'4',,'67','23','67','30','89','10','15','54','29.95','81','10','9','61','57','40','29.9','72','10','0.00','249',Year: 2015 Month: 7 Day: 12
'6',,'67','17','93','29.95','77','10','15','81','29.91','72','10','6','65','61','68','29.86','67','7','0.00','68',Year: 2015 Month: 7 Day: 13
'5','Rain','70','24','93','29.85','82','10','21','72','29.71','74','10','8','67','60','51','29.62','65','3','0.03','144',Year: 2015 Month: 7 Day: 14
'7','Rain','72','26','100','29.89','82','10','20','87','29.67','75','10','7','68','57','73','29.58','67','7','T','99',Year: 2015 Month: 7 Day: 15
'3',,'55','25','78','30.07','68','10','18','65','30.02','64','10','11','51','48','52','29.91','59','10','0.00','59',Year: 2015 Month: 7 Day: 16
'5',,'61','25','84','30.12','75','10','17','72','30.08','68','10','9','58','53','60','30.03','60','10','T','151',Year: 2015 Month: 7 Day: 17
'7','Rain','68','28','93','30.04','78','10','21','81','29.95','71','10','11','65','61','69','29.86','64','2','0.14','200',Year: 2015 Month: 7 Day: 18
'6','Rain','74','25','93','29.87','90','10','20','73','29.8','81','10','9','71','68','52','29.7','71','7','T','206',Year: 2015 Month: 7 Day: 19
'4',,'73','28','93','29.71','92','10','20','62','29.66','81','10','9','66','52','30','29.63','70','7','T','272',Year: 2015 Month: 7 Day: 20
'5',,'68','24','79','29.66','81','10','16','66','29.61','76','10','7','63','59','52','29.55','70','10','T','256',Year: 2015 Month: 7 Day: 21
'3',,'66','29','84','29.81','84','10','22','58','29.67','77','10','12','55','48','31','29.57','69','10','0.00','309',Year: 2015 Month: 7 Day: 22
'4',,'58','21','68','29.88','82','10','14','52','29.84','75','10','7','54','52','36','29.82','67','10','0.00','303',Year: 2015 Month: 7 Day: 23
'4','Rain','61','28','81','29.94','81','10','20','60','29.9','74','10','9','56','51','39','29.88','66','7','0.01','320',Year: 2015 Month: 7 Day: 24
'5',,'61','20','93','30.06','69','10','16','81','30.02','66','10','9','59','57','68','29.94','62','10','0.00','50',Year: 2015 Month: 7 Day: 25
'7','Rain','68','22','93','30.05','79','10','14','79','30.01','71','10','8','64','60','64','29.96','63','10','T','181',Year: 2015 Month: 7 Day: 26
'5','Rain','69','24','93','30.03','86','10','18','74','30','77','10','8','67','65','55','29.97','68','10','0.06','200',Year: 2015 Month: 7 Day: 27
'3',,'70','18','97','29.99','86','10','16','80','29.96','78','10','8','69','66','63','29.93','70','10','0.00','181',Year: 2015 Month: 7 Day: 28
'3',,'69','20','90','29.96','92','10','16','66','29.92','82','10','7','67','63','41','29.87','71','10','0.00','190',Year: 2015 Month: 7 Day: 29
'5','Rain','73','33','93','29.89','91','10','25','73','29.82','83','10','14','70','67','52','29.75','74','7','0.02','223',Year: 2015 Month: 7 Day: 30
'2',,'71','31','93','29.81','89','10','23','61','29.78','81','10','11','59','52','29','29.75','73','10','0.00','263',Year: 2015 Month: 7 Day: 31
'3','Rain','61','35','66','29.82','90','10','26','50','29.75','79','10','10','58','55','34','29.7','68','10','T','251',Year: 2015 Month: 8 Day: 1
'1',,'63','26','73','29.9','88','10','20','52','29.86','78','10','11','54','51','30','29.82','68','10','0.00','254',Year: 2015 Month: 8 Day: 2
'2','Thunderstorm','68','30','100','29.87','90','10','23','67','29.81','79','10','13','64','58','34','29.75','68','7','0.00','201',Year: 2015 Month: 8 Day: 3
'5','Fog-Rain-Hail-Thunderstorm','72','51','90','29.88','89','10','38','68','29.83','78','8','9','66','62','46','29.76','66','0','0.49','222',Year: 2015 Month: 8 Day: 4
'3',,'65','29','81','29.89','85','10','23','58','29.85','75','10','11','57','51','34','29.79','65','10','0.00','260',Year: 2015 Month: 8 Day: 5
'3',,'55','22','67','29.93','82','10','18','51','29.9','74','10','9','53','50','35','29.86','65','10','0.00','278',Year: 2015 Month: 8 Day: 6
'2',,'61','20','87','29.97','73','10','16','70','29.95','69','10','8','57','54','53','29.92','64','10','0.00','37',Year: 2015 Month: 8 Day: 7
'4',,'61',,'87','30.02','76','10','14','68','29.99','69','10','6','57','54','49','29.95','61','10','0.00','45',Year: 2015 Month: 8 Day: 8
'5',,'61','26','93','30.05','73','10','20','80','30.03','68','10','9','59','57','66','30','62','10','0.00','36',Year: 2015 Month: 8 Day: 9
'3',,'62','24','87','30.06','83','10','21','67','30.02','73','10','10','59','56','47','29.97','63','10','0.00','212',Year: 2015 Month: 8 Day: 10
'7','Rain','70','24','100','30.01','72','10','21','94','29.84','68','7','10','67','62','87','29.73','64','1','0.83','171',Year: 2015 Month: 8 Day: 11
'4',,'70','21','100','29.88','85','10','15','70','29.76','77','10','9','63','56','40','29.71','68','10','0.00','257',Year: 2015 Month: 8 Day: 12
'2',,'62','18','78','30.09','82','10','17','62','29.98','74','10','8','59','57','45','29.89','66','10','0.00','296',Year: 2015 Month: 8 Day: 13
'1',,'61','23','78','30.14','86','10','17','57','30.11','75','10','9','57','52','36','30.06','63','10','0.00','225',Year: 2015 Month: 8 Day: 14
'6','Rain-Thunderstorm','69','25','87','30.11','91','10','20','64','30.07','80','10','8','63','55','41','30.01','68','8','0.08','192',Year: 2015 Month: 8 Day: 15
'3',,'68','22','93','30.09','90','10','17','70','30.07','79','10','7','66','64','46','30.04','67','10','0.00','221',Year: 2015 Month: 8 Day: 16
'2',,'71','21','84','30.08','91','10','15','64','30.04','81','10','8','67','64','44','29.99','71','10','0.00','209',Year: 2015 Month: 8 Day: 17
'4','Rain-Thunderstorm','71','38','90','30.03','87','10','29','76','30.01','79','8','8','69','65','61','29.97','71','0','0.14','192',Year: 2015 Month: 8 Day: 18
'3',,'70','22','93','30.1','88','10','18','72','30.06','80','10','9','68','64','51','30.03','71','7','0.00','204',Year: 2015 Month: 8 Day: 19
'4',,'70','25','100','30.12','78','10','22','88','30.09','73','9','11','69','68','76','30.04','68','0','0.00','115',Year: 2015 Month: 8 Day: 20
'7','Fog-Rain-Thunderstorm','75','20','100','30.05','83','10','14','87','30.02','75','4','6','70','66','74','29.98','67','0','0.63','91',Year: 2015 Month: 8 Day: 21
'7','Fog','70','18','100','30.11','73','10','15','90','30.08','70','9','7','66','64','79','30.03','67','0','T','53',Year: 2015 Month: 8 Day: 22
'8','Rain','70','25','100','30.06','71','10','14','97','30.01','69','3','8','68','66','93','29.96','67','0','0.02','22',Year: 2015 Month: 8 Day: 23
'7',,'69','16','100','29.96','75','10','14','92','29.92','72','7','6','68','67','84','29.87','68','1','T','89',Year: 2015 Month: 8 Day: 24
'6','Fog','72','21','100','29.91','81','10','17','81','29.89','74','6','9','69','66','62','29.83','67','0','0.00','133',Year: 2015 Month: 8 Day: 25
'4','Rain','70','22','100','29.95','85','10','16','71','29.89','77','10','8','64','56','42','29.86','69','6','T','246',Year: 2015 Month: 8 Day: 26
'2',,'56','22','68','30.07','82','10','17','54','29.98','74','10','10','54','52','39','29.94','65','10','0.00','289',Year: 2015 Month: 8 Day: 27
'2',,'62','18','73','30.17','75','10','14','63','30.13','70','10','8','56','53','53','30.08','64','10','0.00','188',Year: 2015 Month: 8 Day: 28
'3',,'58','22','78','30.19','82','10','16','59','30.14','73','10','7','55','53','39','30.08','63','10','0.00','242',Year: 2015 Month: 8 Day: 29
'5',,'65','26','78','30.09','88','10','17','58','30.03','79','10','9','61','58','37','29.98','69','10','0.00','254',Year: 2015 Month: 8 Day: 30
'2',,'66','32','79','30','90','10','22','60','29.93','81','10','11','63','60','40','29.86','71','10','0.00','265',Year: 2015 Month: 8 Day: 31
'1',,'63',,'78','30.06','79','10','15','65','30.02','74','10','9','62','59','52','29.96','69','10','0.00','54',Year: 2015 Month: 9 Day: 1
'0',,'68','21','87','30.04','91','10','15','63','29.94','79','10','9','63','59','38','29.85','66','9','0.00','231',Year: 2015 Month: 9 Day: 2
'4','Rain-Thunderstorm','68','14','84','29.94','82','10','12','73','29.87','76','9','6','66','65','62','29.83','70','7','0.01','91',Year: 2015 Month: 9 Day: 3
'6','Rain','69','32','93','30.27','72','10','23','78','30.14','67','9','11','60','55','63','29.94','62','5','T','47',Year: 2015 Month: 9 Day: 4
'1',,'58','16','93','30.31','73','10','14','70','30.26','66','10','7','54','49','47','30.22','58','10','0.00','94',Year: 2015 Month: 9 Day: 5
'1',,'63','23','90','30.22','82','10','18','69','30.16','72','10','10','59','57','48','30.1','61','10','0.00','190',Year: 2015 Month: 9 Day: 6
'1',,'65','25','73','30.1','93','10','21','55','30','80','10','12','59','51','36','29.92','66','10','0.00','231',Year: 2015 Month: 9 Day: 7
'2',,'72','24','84','29.97','96','10','21','63','29.94','84','9','7','67','64','41','29.9','72','6','0.20','225',Year: 2015 Month: 9 Day: 8
'3',,'71','28','84','29.94','93','10','22','60','29.85','83','10','13','68','62','36','29.78','72','10','0.00','214',Year: 2015 Month: 9 Day: 9
'7','Rain','71','26','93','29.91','77','10','21','81','29.86','71','10','11','65','61','69','29.79','64','4','0.17','23',Year: 2015 Month: 9 Day: 10
'7','Rain','63','33','100','29.82','73','10','25','84','29.75','68','8','10','61','59','68','29.69','63','2','0.66','15',Year: 2015 Month: 9 Day: 11
'6','Rain','63','17','100','29.89','71','10','16','87','29.84','66','10','7','61','59','73','29.79','60','6','0.01','118',Year: 2015 Month: 9 Day: 12
'8','Rain','65','23','100','29.79','66','10','20','94','29.75','65','6','10','62','59','87','29.71','63','0','0.38','85',Year: 2015 Month: 9 Day: 13
'3',,'63','36','90','30.07','72','10','24','70','29.88','65','10','15','54','51','49','29.72','57','10','0.00','267',Year: 2015 Month: 9 Day: 14
'0',,'58','22','67','30.25','84','10','16','52','30.2','73','10','11','54','51','36','30.09','62','10','0.00','278',Year: 2015 Month: 9 Day: 15
'1',,'64','21','78','30.32','81','10','13','62','30.26','73','10','7','59','57','45','30.2','65','10','0.00','207',Year: 2015 Month: 9 Day: 16
'1',,'65','20','84','30.19','89','10','14','58','30.1','77','10','7','59','53','31','30.02','64','10','0.00','231',Year: 2015 Month: 9 Day: 17
'1',,'62','22','87','30.04','85','10','17','64','30','75','10','8','60','57','40','29.95','65','10','0.00','199',Year: 2015 Month: 9 Day: 18
'4',,'67','21','100','30','79','10','17','74','29.95','71','8','10','62','57','48','29.87','62','1','0.00','198',Year: 2015 Month: 9 Day: 19
'4',,'66','24','90','30.13','75','10','18','63','29.96','66','10','12','55','46','36','29.83','57','10','T','295',Year: 2015 Month: 9 Day: 20
'3',,'48','24','72','30.3','66','10','20','60','30.24','60','10','11','46','45','48','30.14','53','10','0.00','26',Year: 2015 Month: 9 Day: 21
'6',,'57','20','93','30.34','68','10','16','76','30.31','62','10','9','53','48','58','30.28','56','10','0.00','30',Year: 2015 Month: 9 Day: 22
'2',,'54','15','93','30.27','68','10','10','68','30.24','61','10','6','49','42','42','30.21','54','10','0.00','61',Year: 2015 Month: 9 Day: 23
'1',,'54','20','78','30.39','74','10','16','62','30.31','66','10','9','52','48','46','30.22','58','10','0.00','26',Year: 2015 Month: 9 Day: 24
'5',,'55','21','86','30.44','66','10','17','72','30.4','61','10','9','50','47','58','30.38','55','10','0.00','51',Year: 2015 Month: 9 Day: 25
'4',,'49','28','77','30.53','63','10','20','64','30.49','57','10','10','45','39','51','30.4','50','10','0.00','42',Year: 2015 Month: 9 Day: 26
'2',,'57','18','93','30.52','64','10','15','75','30.44','56','10','7','49','42','57','30.35','48','10','0.00','222',Year: 2015 Month: 9 Day: 27
'4',,'66','20','93','30.34','78','10','16','75','30.23','67','10','7','60','53','56','30.15','56','10','0.00','185',Year: 2015 Month: 9 Day: 28
'7','Fog-Rain','70','25','100','30.14','84','10','21','79','30.06','75','7','9','68','64','58','29.98','65','0','0.04','186',Year: 2015 Month: 9 Day: 29
'8','Fog-Rain','73','38','100','29.96','78','10','32','89','29.77','68','6','13','67','51','78','29.63','57','0','2.46','182',Year: 2015 Month: 9 Day: 30
'7','Rain','50','38','77','30.24','59','10','30','72','30.13','57','10','17','48','45','67','29.97','54','10','T','22',Year: 2015 Month: 10 Day: 1
'8','Rain','45','36','80','30.36','54','10','25','73','30.28','52','10','20','43','40','66','30.22','50','7','0.08','28',Year: 2015 Month: 10 Day: 2
'8','Rain','47','37','80','30.46','54','10','29','72','30.42','52','9','22','43','41','64','30.35','49','5','0.01','39',Year: 2015 Month: 10 Day: 3
'7',,'45','35','77','30.44','56','10','28','66','30.39','54','10','18','42','38','54','30.3','51','10','0.00','40',Year: 2015 Month: 10 Day: 4
'6',,'50','18','96','30.29','61','10','15','80','30.2','55','10','9','47','41','64','30.09','48','10','0.00','14',Year: 2015 Month: 10 Day: 5
'1',,'49','15','89','30.08','64','10','12','71','30','56','10','6','46','43','52','29.94','48','10','0.00','344',Year: 2015 Month: 10 Day: 6
'3',,'54','17','77','29.99','72','10','13','61','29.95','62','10','7','47','43','44','29.9','52','10','0.00','299',Year: 2015 Month: 10 Day: 7
'2',,'50','18','83','30.16','62','10','13','61','30.11','57','10','9','44','35','39','30','51','10','0.00','14',Year: 2015 Month: 10 Day: 8
'7','Rain','63','40','93','30.12','72','10','31','75','29.85','62','8','15','57','49','57','29.72','52','2','0.34','210',Year: 2015 Month: 10 Day: 9
'2',,'55','37','74','30.09','61','10','29','53','30.02','55','10','10','40','31','32','29.8','48','10','0.00','313',Year: 2015 Month: 10 Day: 10
'4',,'49','28','86','30.03','68','10','23','63','29.9','58','10','14','45','43','39','29.79','48','10','0.00','222',Year: 2015 Month: 10 Day: 11
'0',,'56',,'89','29.86','76','10','15','65','29.8','64','10','8','51','48','41','29.74','51','10','0.00','199',Year: 2015 Month: 10 Day: 12
'6','Fog-Rain','62','21','100','29.93','72','10','16','84','29.6','64','7','8','58','52','68','29.47','55','0','0.12','148',Year: 2015 Month: 10 Day: 13
'3',,'57','28','84','29.81','68','10','21','65','29.66','60','10','13','46','37','45','29.56','51','10','0.00','262',Year: 2015 Month: 10 Day: 14
'1',,'42','24','71','29.96','62','10','16','55','29.91','55','10','9','38','36','39','29.82','47','10','0.00','266',Year: 2015 Month: 10 Day: 15
'3','Rain','45','29','74','29.98','61','10','22','57','29.9','56','10','12','40','35','39','29.84','50','10','T','262',Year: 2015 Month: 10 Day: 16
'4',,'40','29','83','30.14','56','10','23','58','30.01','48','10','12','32','24','32','29.95','40','10','T','287',Year: 2015 Month: 10 Day: 17
'2',,'29','30','64','30.33','47','10','22','46','30.22','40','10','11','19','13','28','30.13','33','10','T','319',Year: 2015 Month: 10 Day: 18
'2',,'31','22','69','30.45','48','10','17','48','30.34','40','10','11','20','15','26','30.18','31','10','0.00','275',Year: 2015 Month: 10 Day: 19
'6',,'43','28','65','30.21','66','10','21','51','30.13','56','10','12','37','32','36','30.07','45','10','T','234',Year: 2015 Month: 10 Day: 20
'8','Rain','54','16','100','30.33','61','10','13','76','30.28','57','9','6','48','42','51','30.17','53','4','0.07','68',Year: 2015 Month: 10 Day: 21
'7','Fog','56','29','100','30.28','73','10','24','71','30.13','63','7','11','52','47','41','29.96','52','0','T','187',Year: 2015 Month: 10 Day: 22
'2',,'38','35','60','30.37','59','10','26','49','30.19','50','10','14','31','26','38','30.03','40','10','0.00','320',Year: 2015 Month: 10 Day: 23
'8',,'42','16','80','30.44','49','10','13','71','30.37','44','10','6','35','28','61','30.25','38','10','0.00','4',Year: 2015 Month: 10 Day: 24
'7','Rain','54','35','89','30.19','63','10','24','72','30.07','56','10','12','47','35','55','29.98','48','7','0.03','233',Year: 2015 Month: 10 Day: 25
'2',,'36','26','70','30.53','52','10','18','57','30.4','48','10','9','33','30','44','30.21','43','10','0.00','294',Year: 2015 Month: 10 Day: 26
'4',,'41','22','83','30.62','54','10','12','62','30.56','46','10','6','34','28','41','30.53','38','10','0.00','178',Year: 2015 Month: 10 Day: 27
'7','Rain','61','40','100','30.57','65','10','29','83','30.27','54','7','17','48','39','66','29.79','42','2','0.36','114',Year: 2015 Month: 10 Day: 28
'7','Rain','66','39','100','29.75','75','10','29','65','29.55','66','8','17','57','30','30','29.44','57','2','0.73','206',Year: 2015 Month: 10 Day: 29
'1',,'37','31','53','30.09','61','10','23','41','29.83','52','10','13','31','26','28','29.64','42','10','0.00','289',Year: 2015 Month: 10 Day: 30
'4',,'39','17','71','30.22','52','10','13','58','30.14','45','10','7','31','26','44','30.06','38','10','0.00','224',Year: 2015 Month: 10 Day: 31
'6','Rain','50','28','80','30.07','62','10','22','73','29.91','55','10','11','46','39','65','29.79','48','10','T','207',Year: 2015 Month: 11 Day: 1
'2',,'48','23','83','30.11','64','10','18','63','30.02','58','10','7','42','39','43','29.94','51','10','0.00','251',Year: 2015 Month: 11 Day: 2
'1',,'44',,'82','30.25','73','10','16','57','30.13','60','10','8','42','40','31','30.06','47','10','0.00','281',Year: 2015 Month: 11 Day: 3
'0',,'49','16','83','30.4','60','10','13','69','30.33','55','10','7','45','43','55','30.26','49','10','0.00','129',Year: 2015 Month: 11 Day: 4
'4',,'61','31','100','30.3','76','10','22','77','30.2','63','9','12','55','48','53','30.09','50','5','0.00','224',Year: 2015 Month: 11 Day: 5
'4',,'62','32','93','30.07','73','10','26','79','29.9','68','10','15','61','54','64','29.71','62','10','0.00','222',Year: 2015 Month: 11 Day: 6
'6',,'45','33','57','30.02','69','10','25','48','29.93','60','10','13','38','33','39','29.83','50','10','0.00','280',Year: 2015 Month: 11 Day: 7
'0',,'34','25','65','30.38','56','10','18','48','30.25','50','10','12','30','24','30','30.04','44','10','0.00','283',Year: 2015 Month: 11 Day: 8
'2',,'36','20','70','30.43','60','10','16','52','30.37','51','10','9','32','30','33','30.32','41','10','0.00','237',Year: 2015 Month: 11 Day: 9
'7','Rain','47','22','80','30.31','53','10','17','67','30.15','49','10','8','40','36','54','29.89','44','7','0.07','37',Year: 2015 Month: 11 Day: 10
'8','Rain','49','33','93','29.98','50','10','25','90','29.85','48','4','16','45','42','86','29.78','46','2','0.54','13',Year: 2015 Month: 11 Day: 11
'8','Rain','54','23','100','29.98','57','10','18','90','29.75','52','8','7','47','42','80','29.42','46','0','0.04','173',Year: 2015 Month: 11 Day: 12
'3','Rain','54','39','86','29.62','59','10','29','65','29.51','53','10','18','39','30','44','29.43','46','10','0.01','257',Year: 2015 Month: 11 Day: 13
'2',,'31','43','62','30.12','47','10','31','51','29.89','42','10','16','25','19','39','29.63','37','10','0.00','279',Year: 2015 Month: 11 Day: 14
'6',,'35','23','64','30.21','54','10','18','54','30.12','46','10','10','30','25','44','30.05','37','10','0.00','254',Year: 2015 Month: 11 Day: 15
'3',,'37','28','66','30.41','61','10','21','42','30.18','50','10','11','29','14','17','30.09','39','10','0.00','306',Year: 2015 Month: 11 Day: 16
'1',,'31','17','76','30.6','45','10','14','62','30.54','39','10','7','26','20','48','30.42','33','10','0.00','35',Year: 2015 Month: 11 Day: 17
'2',,'38','17','85','30.61','48','10','15','69','30.55','40','10','6','33','29','53','30.46','31','10','0.00','158',Year: 2015 Month: 11 Day: 18
'8','Rain','50','20','89','30.44','55','10','16','83','30.3','49','10','9','44','39','77','30.06','43','10','T','132',Year: 2015 Month: 11 Day: 19
'6','Rain','58','29','100','30.18','61','10','25','69','30.02','53','7','13','47','26','38','29.94','44','2','0.86','266',Year: 2015 Month: 11 Day: 20
'4',,'31','16','70','30.3','48','10','13','60','30.2','43','10','8','28','23','49','30.04','38','10','0.00','1',Year: 2015 Month: 11 Day: 21
'8','Rain','44','25','89','30','49','10','20','80','29.91','43','9','7','39','31','70','29.82','36','5','0.30','341',Year: 2015 Month: 11 Day: 22
'3','Rain','36','31','85','30.15','42','10','22','56','29.94','36','10','13','18','5','27','29.8','30','10','0.04','316',Year: 2015 Month: 11 Day: 23
'1',,'21','22','50','30.53','44','10','15','42','30.33','37','10','8','16','11','33','30.16','29','10','0.00','271',Year: 2015 Month: 11 Day: 24
'1',,'34','18','76','30.88','44','10','14','63','30.76','37','10','6','27','20','49','30.54','30','10','0.00','83',Year: 2015 Month: 11 Day: 25
'6',,'49','28','100','30.87','59','10','22','79','30.77','49','9','10','42','34','57','30.64','38','5','0.00','180',Year: 2015 Month: 11 Day: 26
'7',,'52','32','100','30.63','64','10','26','78','30.41','56','9','14','49','47','56','30.15','48','5','0.00','209',Year: 2015 Month: 11 Day: 27
'8','Rain','50','23','93','30.2','60','10','18','80','30.16','51','9','10','43','36','67','30.11','41','4','0.21','358',Year: 2015 Month: 11 Day: 28
'4',,'33','20','79','30.42','44','10','16','58','30.26','38','10','10','23','15','36','30.19','32','10','0.00','326',Year: 2015 Month: 11 Day: 29
'6',,'26','17','75','30.53','38','10','14','65','30.46','33','10','9','23','18','54','30.39','28','10','0.00','65',Year: 2015 Month: 11 Day: 30
'7','Rain','43','17','96','30.4','45','10','15','83','30.24','39','8','6','35','25','69','30.01','32','1','0.14','109',Year: 2015 Month: 12 Day: 1
